camp_owner,faculty_owner,budget_year,budget
วิทยาเขตตรัง,คณะพาณิชยศาสตร์และการจัดการ,2553,
วิทยาเขตตรัง,คณะพาณิชยศาสตร์และการจัดการ,2554,20000.0
วิทยาเขตตรัง,คณะพาณิชยศาสตร์และการจัดการ,2555,1084400.0
วิทยาเขตตรัง,คณะพาณิชยศาสตร์และการจัดการ,2556,475100.0
วิทยาเขตตรัง,คณะพาณิชยศาสตร์และการจัดการ,2557,862731.99
วิทยาเขตตรัง,คณะพาณิชยศาสตร์และการจัดการ,2558,580429.0
วิทยาเขตตรัง,คณะพาณิชยศาสตร์และการจัดการ,2559,198680.0
วิทยาเขตตรัง,คณะพาณิชยศาสตร์และการจัดการ,2560,2394900.0
วิทยาเขตตรัง,คณะพาณิชยศาสตร์และการจัดการ,2561,2020400.0
วิทยาเขตตรัง,คณะพาณิชยศาสตร์และการจัดการ,2562,2922830.0
วิทยาเขตตรัง,คณะสถาปัตยกรรมศาสตร์,2559,834698.0
วิทยาเขตตรัง,คณะสถาปัตยกรรมศาสตร์,2560,1000000.0
วิทยาเขตตรัง,คณะสถาปัตยกรรมศาสตร์,2561,655100.0
วิทยาเขตตรัง,คณะสถาปัตยกรรมศาสตร์,2562,100000.0
วิทยาเขตตรัง,วิทยาเขตตรัง,2556,
วิทยาเขตตรัง,วิทยาเขตตรัง,2557,20000.0
วิทยาเขตตรัง,วิทยาเขตตรัง,2558,6231100.0
วิทยาเขตตรัง,วิทยาเขตตรัง,2559,32440.0
วิทยาเขตตรัง,วิทยาเขตตรัง,2560,1650000.0
วิทยาเขตตรัง,สำนักงานอธิการบดี วิทยาเขตตรัง,2560,14950.0
วิทยาเขตปัตตานี,คณะพยาบาลศาสตร์ วิทยาเขตปัตตานี,2555,300000.0
วิทยาเขตปัตตานี,คณะพยาบาลศาสตร์ วิทยาเขตปัตตานี,2556,290000.0
วิทยาเขตปัตตานี,คณะพยาบาลศาสตร์ วิทยาเขตปัตตานี,2557,85000.0
วิทยาเขตปัตตานี,คณะพยาบาลศาสตร์ วิทยาเขตปัตตานี,2559,320000.0
วิทยาเขตปัตตานี,คณะพยาบาลศาสตร์ วิทยาเขตปัตตานี,2560,1440000.0
วิทยาเขตปัตตานี,คณะพยาบาลศาสตร์ วิทยาเขตปัตตานี,2561,
วิทยาเขตปัตตานี,คณะพยาบาลศาสตร์ วิทยาเขตปัตตานี,2562,2062200.0
วิทยาเขตปัตตานี,คณะมนุษยศาสตร์และสังคมศาสตร์,2553,293324.0
วิทยาเขตปัตตานี,คณะมนุษยศาสตร์และสังคมศาสตร์,2554,1050000.0
วิทยาเขตปัตตานี,คณะมนุษยศาสตร์และสังคมศาสตร์,2555,363320.0
วิทยาเขตปัตตานี,คณะมนุษยศาสตร์และสังคมศาสตร์,2556,4451399.97
วิทยาเขตปัตตานี,คณะมนุษยศาสตร์และสังคมศาสตร์,2557,1104140.0
วิทยาเขตปัตตานี,คณะมนุษยศาสตร์และสังคมศาสตร์,2558,1379932.0
วิทยาเขตปัตตานี,คณะมนุษยศาสตร์และสังคมศาสตร์,2559,9064239.99
วิทยาเขตปัตตานี,คณะมนุษยศาสตร์และสังคมศาสตร์,2560,10366929.99
วิทยาเขตปัตตานี,คณะมนุษยศาสตร์และสังคมศาสตร์,2561,5364050.0
วิทยาเขตปัตตานี,คณะมนุษยศาสตร์และสังคมศาสตร์,2562,7060164.0
วิทยาเขตปัตตานี,คณะรัฐศาสตร์,2555,50000.0
วิทยาเขตปัตตานี,คณะรัฐศาสตร์,2556,
วิทยาเขตปัตตานี,คณะรัฐศาสตร์,2558,270500.0
วิทยาเขตปัตตานี,คณะรัฐศาสตร์,2559,3643449.9800000004
วิทยาเขตปัตตานี,คณะรัฐศาสตร์,2560,2250999.98
วิทยาเขตปัตตานี,คณะรัฐศาสตร์,2561,847500.0
วิทยาเขตปัตตานี,คณะรัฐศาสตร์,2562,336000.0
วิทยาเขตปัตตานี,คณะวิทยาการสื่อสาร,2553,1964180.0
วิทยาเขตปัตตานี,คณะวิทยาการสื่อสาร,2554,54820.0
วิทยาเขตปัตตานี,คณะวิทยาการสื่อสาร,2556,
วิทยาเขตปัตตานี,คณะวิทยาการสื่อสาร,2557,40340.0
วิทยาเขตปัตตานี,คณะวิทยาการสื่อสาร,2558,578160.0
วิทยาเขตปัตตานี,คณะวิทยาการสื่อสาร,2560,911260.0
วิทยาเขตปัตตานี,คณะวิทยาการสื่อสาร,2561,713780.0
วิทยาเขตปัตตานี,คณะวิทยาการสื่อสาร,2562,400000.0
วิทยาเขตปัตตานี,คณะวิทยาศาสตร์และเทคโนโลยี,2553,7638048.0
วิทยาเขตปัตตานี,คณะวิทยาศาสตร์และเทคโนโลยี,2554,18696108.0
วิทยาเขตปัตตานี,คณะวิทยาศาสตร์และเทคโนโลยี,2555,10262700.0
วิทยาเขตปัตตานี,คณะวิทยาศาสตร์และเทคโนโลยี,2556,8736550.0
วิทยาเขตปัตตานี,คณะวิทยาศาสตร์และเทคโนโลยี,2557,12996181.45
วิทยาเขตปัตตานี,คณะวิทยาศาสตร์และเทคโนโลยี,2558,14385866.89
วิทยาเขตปัตตานี,คณะวิทยาศาสตร์และเทคโนโลยี,2559,33742196.94
วิทยาเขตปัตตานี,คณะวิทยาศาสตร์และเทคโนโลยี,2560,56702197.92000001
วิทยาเขตปัตตานี,คณะวิทยาศาสตร์และเทคโนโลยี,2561,23699649.08
วิทยาเขตปัตตานี,คณะวิทยาศาสตร์และเทคโนโลยี,2562,12658716.74
วิทยาเขตปัตตานี,คณะศิลปกรรมศาสตร์,2560,30000.0
วิทยาเขตปัตตานี,คณะศิลปกรรมศาสตร์,2561,
วิทยาเขตปัตตานี,คณะศึกษาศาสตร์,2553,1045410.0
วิทยาเขตปัตตานี,คณะศึกษาศาสตร์,2554,2330000.0
วิทยาเขตปัตตานี,คณะศึกษาศาสตร์,2555,1268922.0
วิทยาเขตปัตตานี,คณะศึกษาศาสตร์,2556,521100.0
วิทยาเขตปัตตานี,คณะศึกษาศาสตร์,2557,2160480.0
วิทยาเขตปัตตานี,คณะศึกษาศาสตร์,2558,2710200.0
วิทยาเขตปัตตานี,คณะศึกษาศาสตร์,2559,435056.31
วิทยาเขตปัตตานี,คณะศึกษาศาสตร์,2560,1258800.0
วิทยาเขตปัตตานี,คณะศึกษาศาสตร์,2561,802600.0
วิทยาเขตปัตตานี,คณะศึกษาศาสตร์,2562,2992160.0
วิทยาเขตปัตตานี,วิทยาลัยอิสลามศึกษา,2553,322950.0
วิทยาเขตปัตตานี,วิทยาลัยอิสลามศึกษา,2554,550000.0
วิทยาเขตปัตตานี,วิทยาลัยอิสลามศึกษา,2555,50000.0
วิทยาเขตปัตตานี,วิทยาลัยอิสลามศึกษา,2556,6722720.0
วิทยาเขตปัตตานี,วิทยาลัยอิสลามศึกษา,2557,348000.0
วิทยาเขตปัตตานี,วิทยาลัยอิสลามศึกษา,2558,884080.0
วิทยาเขตปัตตานี,วิทยาลัยอิสลามศึกษา,2559,3524959.99
วิทยาเขตปัตตานี,วิทยาลัยอิสลามศึกษา,2560,1268360.0
วิทยาเขตปัตตานี,วิทยาลัยอิสลามศึกษา,2561,3083600.0
วิทยาเขตปัตตานี,วิทยาลัยอิสลามศึกษา,2562,239020.0
วิทยาเขตปัตตานี,สถาบันวัฒนธรรมศึกษากัลยาณิวัฒนา,2553,180000.0
วิทยาเขตปัตตานี,สถาบันวัฒนธรรมศึกษากัลยาณิวัฒนา,2554,
วิทยาเขตปัตตานี,สถาบันวัฒนธรรมศึกษากัลยาณิวัฒนา,2555,120000.0
วิทยาเขตปัตตานี,สถาบันวัฒนธรรมศึกษากัลยาณิวัฒนา,2556,495000.0
วิทยาเขตปัตตานี,สถาบันวัฒนธรรมศึกษากัลยาณิวัฒนา,2557,
วิทยาเขตปัตตานี,สถาบันวัฒนธรรมศึกษากัลยาณิวัฒนา,2560,1182000.0
วิทยาเขตปัตตานี,สถาบันวัฒนธรรมศึกษากัลยาณิวัฒนา,2561,
วิทยาเขตปัตตานี,สำนักงานอธิการบดี วิทยาเขตปัตตานี,2555,
วิทยาเขตปัตตานี,สำนักงานอธิการบดี วิทยาเขตปัตตานี,2556,
วิทยาเขตปัตตานี,สำนักงานอธิการบดี วิทยาเขตปัตตานี,2558,
วิทยาเขตปัตตานี,สำนักงานอธิการบดี วิทยาเขตปัตตานี,2560,7335999.960000001
วิทยาเขตปัตตานี,สำนักงานอธิการบดี วิทยาเขตปัตตานี,2561,1978000.0
วิทยาเขตปัตตานี,สำนักงานอธิการบดี วิทยาเขตปัตตานี,2562,
วิทยาเขตปัตตานี,สำนักวิทยบริการ,2554,50000.0
วิทยาเขตปัตตานี,สำนักวิทยบริการ,2555,
วิทยาเขตปัตตานี,สำนักส่งเสริมและการศึกษาต่อเนื่อง,2553,23834.0
วิทยาเขตปัตตานี,สำนักส่งเสริมและการศึกษาต่อเนื่อง,2556,
วิทยาเขตปัตตานี,สำนักส่งเสริมและการศึกษาต่อเนื่อง,2560,200000.0
วิทยาเขตปัตตานี,โครงการจัดตั้งสถาบันสมุทรรัฐเอเชียตะวันออกเฉียงใต้ศึกษา,2559,732160.0
วิทยาเขตภูเก็ต,คณะการบริการและการท่องเที่ยว,2553,1404122.0
วิทยาเขตภูเก็ต,คณะการบริการและการท่องเที่ยว,2554,596540.0
วิทยาเขตภูเก็ต,คณะการบริการและการท่องเที่ยว,2555,3018997.0
วิทยาเขตภูเก็ต,คณะการบริการและการท่องเที่ยว,2557,245203.0
วิทยาเขตภูเก็ต,คณะการบริการและการท่องเที่ยว,2558,153900.0
วิทยาเขตภูเก็ต,คณะการบริการและการท่องเที่ยว,2559,2087688.0
วิทยาเขตภูเก็ต,คณะการบริการและการท่องเที่ยว,2560,4613528.0
วิทยาเขตภูเก็ต,คณะการบริการและการท่องเที่ยว,2561,200000.0
วิทยาเขตภูเก็ต,คณะการบริการและการท่องเที่ยว,2562,2010422.0
วิทยาเขตภูเก็ต,คณะวิเทศศึกษา,2553,101080.0
วิทยาเขตภูเก็ต,คณะวิเทศศึกษา,2555,89700.0
วิทยาเขตภูเก็ต,คณะวิเทศศึกษา,2556,1552893.0
วิทยาเขตภูเก็ต,คณะวิเทศศึกษา,2558,70000.0
วิทยาเขตภูเก็ต,คณะวิเทศศึกษา,2559,175800.0
วิทยาเขตภูเก็ต,คณะเทคโนโลยีและสิ่งแวดล้อม,2554,
วิทยาเขตภูเก็ต,คณะเทคโนโลยีและสิ่งแวดล้อม,2555,8993724.0
วิทยาเขตภูเก็ต,คณะเทคโนโลยีและสิ่งแวดล้อม,2556,4792680.0
วิทยาเขตภูเก็ต,คณะเทคโนโลยีและสิ่งแวดล้อม,2558,5337509.0
วิทยาเขตภูเก็ต,คณะเทคโนโลยีและสิ่งแวดล้อม,2559,2192771.0
วิทยาเขตภูเก็ต,คณะเทคโนโลยีและสิ่งแวดล้อม,2560,6501798.0
วิทยาเขตภูเก็ต,คณะเทคโนโลยีและสิ่งแวดล้อม,2561,6113580.0
วิทยาเขตภูเก็ต,คณะเทคโนโลยีและสิ่งแวดล้อม,2562,859975.0
วิทยาเขตภูเก็ต,บัณฑิตวิทยาลัยสหวิทยาการวิทยาศาสตร์ระบบโลกและการจัดการภัยธรรมชาติอันดา,2560,
วิทยาเขตภูเก็ต,วิทยาลัยการคอมพิวเตอร์,2558,1894214.0
วิทยาเขตภูเก็ต,วิทยาลัยการคอมพิวเตอร์,2559,309151.6
วิทยาเขตภูเก็ต,วิทยาลัยการคอมพิวเตอร์,2560,1911000.0
วิทยาเขตภูเก็ต,วิทยาลัยการคอมพิวเตอร์,2561,399983.0
วิทยาเขตภูเก็ต,วิทยาลัยการคอมพิวเตอร์,2562,2510000.0
วิทยาเขตภูเก็ต,วิทยาลัยชุมชนภูเก็ต,2556,
วิทยาเขตภูเก็ต,วิทยาลัยชุมชนภูเก็ต,2560,1060000.0
วิทยาเขตภูเก็ต,สำนักงานอธิการบดี วิทยาเขตภูเก็ต,2558,102904.0
วิทยาเขตภูเก็ต,สำนักงานอธิการบดี วิทยาเขตภูเก็ต,2559,
วิทยาเขตภูเก็ต,สำนักงานอธิการบดี วิทยาเขตภูเก็ต,2562,73040.0
วิทยาเขตสุราษฎร์ธานี,คณะวิทยาศาสตร์และเทคโนโลยีอุตสาหกรรม,2553,3281000.0
วิทยาเขตสุราษฎร์ธานี,คณะวิทยาศาสตร์และเทคโนโลยีอุตสาหกรรม,2554,1199233.0
วิทยาเขตสุราษฎร์ธานี,คณะวิทยาศาสตร์และเทคโนโลยีอุตสาหกรรม,2555,4018300.0
วิทยาเขตสุราษฎร์ธานี,คณะวิทยาศาสตร์และเทคโนโลยีอุตสาหกรรม,2556,2653645.0
วิทยาเขตสุราษฎร์ธานี,คณะวิทยาศาสตร์และเทคโนโลยีอุตสาหกรรม,2557,10223669.79
วิทยาเขตสุราษฎร์ธานี,คณะวิทยาศาสตร์และเทคโนโลยีอุตสาหกรรม,2558,16362113.63
วิทยาเขตสุราษฎร์ธานี,คณะวิทยาศาสตร์และเทคโนโลยีอุตสาหกรรม,2559,15314088.46
วิทยาเขตสุราษฎร์ธานี,คณะวิทยาศาสตร์และเทคโนโลยีอุตสาหกรรม,2560,29583630.99
วิทยาเขตสุราษฎร์ธานี,คณะวิทยาศาสตร์และเทคโนโลยีอุตสาหกรรม,2561,10571264.99
วิทยาเขตสุราษฎร์ธานี,คณะวิทยาศาสตร์และเทคโนโลยีอุตสาหกรรม,2562,98796967.0
วิทยาเขตสุราษฎร์ธานี,คณะศิลปศาสตร์และวิทยาการจัดการ,2555,830500.0
วิทยาเขตสุราษฎร์ธานี,คณะศิลปศาสตร์และวิทยาการจัดการ,2556,894530.0
วิทยาเขตสุราษฎร์ธานี,คณะศิลปศาสตร์และวิทยาการจัดการ,2557,2574634.9
วิทยาเขตสุราษฎร์ธานี,คณะศิลปศาสตร์และวิทยาการจัดการ,2558,1946230.0
วิทยาเขตสุราษฎร์ธานี,คณะศิลปศาสตร์และวิทยาการจัดการ,2559,5281747.0
วิทยาเขตสุราษฎร์ธานี,คณะศิลปศาสตร์และวิทยาการจัดการ,2560,1701439.99
วิทยาเขตสุราษฎร์ธานี,คณะศิลปศาสตร์และวิทยาการจัดการ,2561,10166572.0
วิทยาเขตสุราษฎร์ธานี,คณะศิลปศาสตร์และวิทยาการจัดการ,2562,3764542.0
วิทยาเขตสุราษฎร์ธานี,สำนักงานอธิการบดี วิทยาเขตสุราษฎร์ธานี,2558,1633400.0
วิทยาเขตสุราษฎร์ธานี,สำนักงานอธิการบดี วิทยาเขตสุราษฎร์ธานี,2559,40600.0
วิทยาเขตหาดใหญ่,คณะการจัดการสิ่งแวดล้อม,2553,5055000.0
วิทยาเขตหาดใหญ่,คณะการจัดการสิ่งแวดล้อม,2554,
วิทยาเขตหาดใหญ่,คณะการจัดการสิ่งแวดล้อม,2555,2147320.0
วิทยาเขตหาดใหญ่,คณะการจัดการสิ่งแวดล้อม,2556,1127660.0
วิทยาเขตหาดใหญ่,คณะการจัดการสิ่งแวดล้อม,2557,1142470.0
วิทยาเขตหาดใหญ่,คณะการจัดการสิ่งแวดล้อม,2558,7197697.99
วิทยาเขตหาดใหญ่,คณะการจัดการสิ่งแวดล้อม,2559,1763199.99
วิทยาเขตหาดใหญ่,คณะการจัดการสิ่งแวดล้อม,2560,5332889.98
วิทยาเขตหาดใหญ่,คณะการจัดการสิ่งแวดล้อม,2561,6165925.98
วิทยาเขตหาดใหญ่,คณะการจัดการสิ่งแวดล้อม,2562,8346000.0
วิทยาเขตหาดใหญ่,คณะการแพทย์แผนไทย,2553,794000.0
วิทยาเขตหาดใหญ่,คณะการแพทย์แผนไทย,2554,1755146.0
วิทยาเขตหาดใหญ่,คณะการแพทย์แผนไทย,2555,239000.0
วิทยาเขตหาดใหญ่,คณะการแพทย์แผนไทย,2556,2905000.0
วิทยาเขตหาดใหญ่,คณะการแพทย์แผนไทย,2557,2194249.98
วิทยาเขตหาดใหญ่,คณะการแพทย์แผนไทย,2558,4001399.99
วิทยาเขตหาดใหญ่,คณะการแพทย์แผนไทย,2559,3117000.0
วิทยาเขตหาดใหญ่,คณะการแพทย์แผนไทย,2560,5508600.0
วิทยาเขตหาดใหญ่,คณะการแพทย์แผนไทย,2561,7027485.0
วิทยาเขตหาดใหญ่,คณะการแพทย์แผนไทย,2562,6974000.0
วิทยาเขตหาดใหญ่,คณะทรัพยากรธรรมชาติ,2553,15961119.0
วิทยาเขตหาดใหญ่,คณะทรัพยากรธรรมชาติ,2554,52317618.74
วิทยาเขตหาดใหญ่,คณะทรัพยากรธรรมชาติ,2555,10097723.0
วิทยาเขตหาดใหญ่,คณะทรัพยากรธรรมชาติ,2556,18647666.0
วิทยาเขตหาดใหญ่,คณะทรัพยากรธรรมชาติ,2557,19588900.0
วิทยาเขตหาดใหญ่,คณะทรัพยากรธรรมชาติ,2558,7176467.98
วิทยาเขตหาดใหญ่,คณะทรัพยากรธรรมชาติ,2559,40651026.83
วิทยาเขตหาดใหญ่,คณะทรัพยากรธรรมชาติ,2560,23338483.92
วิทยาเขตหาดใหญ่,คณะทรัพยากรธรรมชาติ,2561,15735515.99
วิทยาเขตหาดใหญ่,คณะทรัพยากรธรรมชาติ,2562,26365903.0
วิทยาเขตหาดใหญ่,คณะทันตแพทยศาสตร์,2553,1361332.0
วิทยาเขตหาดใหญ่,คณะทันตแพทยศาสตร์,2554,4890596.0
วิทยาเขตหาดใหญ่,คณะทันตแพทยศาสตร์,2555,5676160.0
วิทยาเขตหาดใหญ่,คณะทันตแพทยศาสตร์,2556,627340.0
วิทยาเขตหาดใหญ่,คณะทันตแพทยศาสตร์,2557,1810600.0
วิทยาเขตหาดใหญ่,คณะทันตแพทยศาสตร์,2558,2458600.0
วิทยาเขตหาดใหญ่,คณะทันตแพทยศาสตร์,2559,4165235.0
วิทยาเขตหาดใหญ่,คณะทันตแพทยศาสตร์,2560,4850268.0
วิทยาเขตหาดใหญ่,คณะทันตแพทยศาสตร์,2561,1615000.0
วิทยาเขตหาดใหญ่,คณะทันตแพทยศาสตร์,2562,2891600.0
วิทยาเขตหาดใหญ่,คณะนิติศาสตร์,2555,
วิทยาเขตหาดใหญ่,คณะนิติศาสตร์,2556,1164400.0
วิทยาเขตหาดใหญ่,คณะนิติศาสตร์,2557,540000.0
วิทยาเขตหาดใหญ่,คณะนิติศาสตร์,2559,120000.0
วิทยาเขตหาดใหญ่,คณะนิติศาสตร์,2561,2698400.0
วิทยาเขตหาดใหญ่,คณะนิติศาสตร์,2562,5480000.0
วิทยาเขตหาดใหญ่,คณะพยาบาลศาสตร์,2553,6243484.0
วิทยาเขตหาดใหญ่,คณะพยาบาลศาสตร์,2554,2432669.0
วิทยาเขตหาดใหญ่,คณะพยาบาลศาสตร์,2555,2671250.0
วิทยาเขตหาดใหญ่,คณะพยาบาลศาสตร์,2556,10984017.0
วิทยาเขตหาดใหญ่,คณะพยาบาลศาสตร์,2557,13820746.0
วิทยาเขตหาดใหญ่,คณะพยาบาลศาสตร์,2558,2781629.26
วิทยาเขตหาดใหญ่,คณะพยาบาลศาสตร์,2559,6194341.94
วิทยาเขตหาดใหญ่,คณะพยาบาลศาสตร์,2560,7237090.0
วิทยาเขตหาดใหญ่,คณะพยาบาลศาสตร์,2561,3467099.84
วิทยาเขตหาดใหญ่,คณะพยาบาลศาสตร์,2562,3776485.0
วิทยาเขตหาดใหญ่,คณะวิทยาการจัดการ,2553,1544000.0
วิทยาเขตหาดใหญ่,คณะวิทยาการจัดการ,2554,316666.0
วิทยาเขตหาดใหญ่,คณะวิทยาการจัดการ,2555,343874.0
วิทยาเขตหาดใหญ่,คณะวิทยาการจัดการ,2556,396500.0
วิทยาเขตหาดใหญ่,คณะวิทยาการจัดการ,2557,199290.0
วิทยาเขตหาดใหญ่,คณะวิทยาการจัดการ,2558,3771299.99
วิทยาเขตหาดใหญ่,คณะวิทยาการจัดการ,2559,6376657.96
วิทยาเขตหาดใหญ่,คณะวิทยาการจัดการ,2560,5234280.0
วิทยาเขตหาดใหญ่,คณะวิทยาการจัดการ,2561,8725901.08
วิทยาเขตหาดใหญ่,คณะวิทยาการจัดการ,2562,8175380.0
วิทยาเขตหาดใหญ่,คณะวิทยาศาสตร์,2553,23849433.0
วิทยาเขตหาดใหญ่,คณะวิทยาศาสตร์,2554,82154274.0
วิทยาเขตหาดใหญ่,คณะวิทยาศาสตร์,2555,23226192.0
วิทยาเขตหาดใหญ่,คณะวิทยาศาสตร์,2556,36247680.0
วิทยาเขตหาดใหญ่,คณะวิทยาศาสตร์,2557,27247915.0
วิทยาเขตหาดใหญ่,คณะวิทยาศาสตร์,2558,49768489.92
วิทยาเขตหาดใหญ่,คณะวิทยาศาสตร์,2559,57488331.88000002
วิทยาเขตหาดใหญ่,คณะวิทยาศาสตร์,2560,85667251.86000001
วิทยาเขตหาดใหญ่,คณะวิทยาศาสตร์,2561,63143582.99
วิทยาเขตหาดใหญ่,คณะวิทยาศาสตร์,2562,57452102.0
วิทยาเขตหาดใหญ่,คณะวิศวกรรมศาสตร์,2553,50260893.0
วิทยาเขตหาดใหญ่,คณะวิศวกรรมศาสตร์,2554,40688518.0
วิทยาเขตหาดใหญ่,คณะวิศวกรรมศาสตร์,2555,14043645.0
วิทยาเขตหาดใหญ่,คณะวิศวกรรมศาสตร์,2556,56116514.99
วิทยาเขตหาดใหญ่,คณะวิศวกรรมศาสตร์,2557,34081278.980000004
วิทยาเขตหาดใหญ่,คณะวิศวกรรมศาสตร์,2558,23100508.99
วิทยาเขตหาดใหญ่,คณะวิศวกรรมศาสตร์,2559,23232806.78
วิทยาเขตหาดใหญ่,คณะวิศวกรรมศาสตร์,2560,59401429.66
วิทยาเขตหาดใหญ่,คณะวิศวกรรมศาสตร์,2561,64880262.0
วิทยาเขตหาดใหญ่,คณะวิศวกรรมศาสตร์,2562,47133358.07
วิทยาเขตหาดใหญ่,คณะศิลปศาสตร์,2553,978000.0
วิทยาเขตหาดใหญ่,คณะศิลปศาสตร์,2554,1267602.0
วิทยาเขตหาดใหญ่,คณะศิลปศาสตร์,2555,1897040.0
วิทยาเขตหาดใหญ่,คณะศิลปศาสตร์,2556,1530480.0
วิทยาเขตหาดใหญ่,คณะศิลปศาสตร์,2557,3227783.0
วิทยาเขตหาดใหญ่,คณะศิลปศาสตร์,2558,2222250.0
วิทยาเขตหาดใหญ่,คณะศิลปศาสตร์,2559,4683085.95
วิทยาเขตหาดใหญ่,คณะศิลปศาสตร์,2560,2024980.0
วิทยาเขตหาดใหญ่,คณะศิลปศาสตร์,2561,3121765.0
วิทยาเขตหาดใหญ่,คณะศิลปศาสตร์,2562,6157000.0
วิทยาเขตหาดใหญ่,คณะสัตวแพทยศาสตร์,2555,174000.0
วิทยาเขตหาดใหญ่,คณะสัตวแพทยศาสตร์,2556,911360.0
วิทยาเขตหาดใหญ่,คณะสัตวแพทยศาสตร์,2558,600000.0
วิทยาเขตหาดใหญ่,คณะสัตวแพทยศาสตร์,2560,200000.0
วิทยาเขตหาดใหญ่,คณะสัตวแพทยศาสตร์,2561,2600000.0
วิทยาเขตหาดใหญ่,คณะอุตสาหกรรมเกษตร,2553,24903503.0
วิทยาเขตหาดใหญ่,คณะอุตสาหกรรมเกษตร,2554,51402527.0
วิทยาเขตหาดใหญ่,คณะอุตสาหกรรมเกษตร,2555,8914840.0
วิทยาเขตหาดใหญ่,คณะอุตสาหกรรมเกษตร,2556,20071767.0
วิทยาเขตหาดใหญ่,คณะอุตสาหกรรมเกษตร,2557,11208480.05
วิทยาเขตหาดใหญ่,คณะอุตสาหกรรมเกษตร,2558,24356109.98
วิทยาเขตหาดใหญ่,คณะอุตสาหกรรมเกษตร,2559,13500371.97
วิทยาเขตหาดใหญ่,คณะอุตสาหกรรมเกษตร,2560,47439309.620000005
วิทยาเขตหาดใหญ่,คณะอุตสาหกรรมเกษตร,2561,34380598.0
วิทยาเขตหาดใหญ่,คณะอุตสาหกรรมเกษตร,2562,15871986.0
วิทยาเขตหาดใหญ่,คณะเทคนิคการแพทย์,2553,108333.0
วิทยาเขตหาดใหญ่,คณะเทคนิคการแพทย์,2554,102778.0
วิทยาเขตหาดใหญ่,คณะเทคนิคการแพทย์,2555,
วิทยาเขตหาดใหญ่,คณะเทคนิคการแพทย์,2556,400000.0
วิทยาเขตหาดใหญ่,คณะเทคนิคการแพทย์,2557,1935000.0
วิทยาเขตหาดใหญ่,คณะเทคนิคการแพทย์,2558,802001.0
วิทยาเขตหาดใหญ่,คณะเทคนิคการแพทย์,2559,3366999.9699999997
วิทยาเขตหาดใหญ่,คณะเทคนิคการแพทย์,2560,2190000.0
วิทยาเขตหาดใหญ่,คณะเทคนิคการแพทย์,2561,1644370.0
วิทยาเขตหาดใหญ่,คณะเทคนิคการแพทย์,2562,5672757.0
วิทยาเขตหาดใหญ่,คณะเภสัชศาสตร์,2553,15582930.0
วิทยาเขตหาดใหญ่,คณะเภสัชศาสตร์,2554,58064875.0
วิทยาเขตหาดใหญ่,คณะเภสัชศาสตร์,2555,47936730.0
วิทยาเขตหาดใหญ่,คณะเภสัชศาสตร์,2556,8414570.0
วิทยาเขตหาดใหญ่,คณะเภสัชศาสตร์,2557,8220299.99
วิทยาเขตหาดใหญ่,คณะเภสัชศาสตร์,2558,10225588.96
วิทยาเขตหาดใหญ่,คณะเภสัชศาสตร์,2559,3695999.93
วิทยาเขตหาดใหญ่,คณะเภสัชศาสตร์,2560,25804825.849999998
วิทยาเขตหาดใหญ่,คณะเภสัชศาสตร์,2561,31836270.0
วิทยาเขตหาดใหญ่,คณะเภสัชศาสตร์,2562,14672300.0
วิทยาเขตหาดใหญ่,คณะเศรษฐศาสตร์,2553,390000.0
วิทยาเขตหาดใหญ่,คณะเศรษฐศาสตร์,2554,
วิทยาเขตหาดใหญ่,คณะเศรษฐศาสตร์,2555,861250.0
วิทยาเขตหาดใหญ่,คณะเศรษฐศาสตร์,2556,6455640.0
วิทยาเขตหาดใหญ่,คณะเศรษฐศาสตร์,2558,8709908.0
วิทยาเขตหาดใหญ่,คณะเศรษฐศาสตร์,2559,10576861.98
วิทยาเขตหาดใหญ่,คณะเศรษฐศาสตร์,2560,40000.0
วิทยาเขตหาดใหญ่,คณะเศรษฐศาสตร์,2561,3358100.0
วิทยาเขตหาดใหญ่,คณะเศรษฐศาสตร์,2562,14445452.0
วิทยาเขตหาดใหญ่,คณะแพทยศาสตร์,2553,35402232.0
วิทยาเขตหาดใหญ่,คณะแพทยศาสตร์,2554,26311446.98
วิทยาเขตหาดใหญ่,คณะแพทยศาสตร์,2555,4922106.98
วิทยาเขตหาดใหญ่,คณะแพทยศาสตร์,2556,14435283.919999998
วิทยาเขตหาดใหญ่,คณะแพทยศาสตร์,2557,28337090.93
วิทยาเขตหาดใหญ่,คณะแพทยศาสตร์,2558,214706527.01000005
วิทยาเขตหาดใหญ่,คณะแพทยศาสตร์,2559,26071311.97
วิทยาเขตหาดใหญ่,คณะแพทยศาสตร์,2560,57805024.980000004
วิทยาเขตหาดใหญ่,คณะแพทยศาสตร์,2561,25282872.5
วิทยาเขตหาดใหญ่,คณะแพทยศาสตร์,2562,27473110.0
วิทยาเขตหาดใหญ่,บัณฑิตวิทยาลัย,2558,895000.0
วิทยาเขตหาดใหญ่,บัณฑิตวิทยาลัย,2560,600000.0
วิทยาเขตหาดใหญ่,บัณฑิตวิทยาลัย,2561,2238100.0
วิทยาเขตหาดใหญ่,บัณฑิตวิทยาลัย,2562,3456438.0
วิทยาเขตหาดใหญ่,วิทยาลัยนานาชาติ วิทยาเขตหาดใหญ่,2557,480000.0
วิทยาเขตหาดใหญ่,วิทยาลัยนานาชาติ วิทยาเขตหาดใหญ่,2559,583000.0
วิทยาเขตหาดใหญ่,วิทยาลัยนานาชาติ วิทยาเขตหาดใหญ่,2562,1132000.0
วิทยาเขตหาดใหญ่,ศูนย์ส่งเสริมศิลปะและวัฒนธรรม,2554,44275.0
วิทยาเขตหาดใหญ่,ศูนย์ส่งเสริมศิลปะและวัฒนธรรม,2556,308000.0
วิทยาเขตหาดใหญ่,ศูนย์ส่งเสริมศิลปะและวัฒนธรรม,2557,190000.0
วิทยาเขตหาดใหญ่,ศูนย์ส่งเสริมศิลปะและวัฒนธรรม,2562,
วิทยาเขตหาดใหญ่,ศูนย์เครื่องมือวิทยาศาสตร์,2553,574200.0
วิทยาเขตหาดใหญ่,ศูนย์เครื่องมือวิทยาศาสตร์,2554,216667.0
วิทยาเขตหาดใหญ่,ศูนย์เครื่องมือวิทยาศาสตร์,2556,211400.0
วิทยาเขตหาดใหญ่,ศูนย์เครื่องมือวิทยาศาสตร์,2557,348999.99
วิทยาเขตหาดใหญ่,ศูนย์เครื่องมือวิทยาศาสตร์,2559,851629.0
วิทยาเขตหาดใหญ่,ศูนย์เครื่องมือวิทยาศาสตร์,2562,38828600.0
วิทยาเขตหาดใหญ่,สถาบันการจัดการระบบสุขภาพภาคใต้ (สจรส.ม.อ.),2559,576500.0
วิทยาเขตหาดใหญ่,สถาบันการจัดการระบบสุขภาพภาคใต้ (สจรส.ม.อ.),2560,500000.0
วิทยาเขตหาดใหญ่,สถาบันการจัดการระบบสุขภาพภาคใต้ (สจรส.ม.อ.),2561,350000.0
วิทยาเขตหาดใหญ่,สถาบันทรัพยากรทะเลและชายฝั่ง,2553,
วิทยาเขตหาดใหญ่,สถาบันทรัพยากรทะเลและชายฝั่ง,2554,633334.0
วิทยาเขตหาดใหญ่,สถาบันทรัพยากรทะเลและชายฝั่ง,2556,181568.0
วิทยาเขตหาดใหญ่,สถาบันทรัพยากรทะเลและชายฝั่ง,2557,220000.0
วิทยาเขตหาดใหญ่,สถาบันทรัพยากรทะเลและชายฝั่ง,2558,718000.0
วิทยาเขตหาดใหญ่,สถาบันทรัพยากรทะเลและชายฝั่ง,2559,2591439.96
วิทยาเขตหาดใหญ่,สถาบันทรัพยากรทะเลและชายฝั่ง,2560,250860.0
วิทยาเขตหาดใหญ่,สถาบันทรัพยากรทะเลและชายฝั่ง,2561,2155970.0
วิทยาเขตหาดใหญ่,สถาบันทรัพยากรทะเลและชายฝั่ง,2562,1416000.0
วิทยาเขตหาดใหญ่,สถาบันวิศวกรรมชีวการแพทย์,2556,
วิทยาเขตหาดใหญ่,สถาบันสันติศึกษา,2555,
วิทยาเขตหาดใหญ่,สถาบันสันติศึกษา,2557,3139180.0
วิทยาเขตหาดใหญ่,สถาบันสันติศึกษา,2558,760760.0
วิทยาเขตหาดใหญ่,สถาบันสันติศึกษา,2559,620400.0
วิทยาเขตหาดใหญ่,สถาบันสันติศึกษา,2562,2777200.0
วิทยาเขตหาดใหญ่,สถาบันฮาลาล มหาวิทยาลัยสงขลานครินทร์,2559,400000.0
วิทยาเขตหาดใหญ่,สำนักงานอธิการบดี,2553,
วิทยาเขตหาดใหญ่,สำนักงานอธิการบดี,2554,26358.0
วิทยาเขตหาดใหญ่,สำนักงานอธิการบดี,2557,449500.0
วิทยาเขตหาดใหญ่,สำนักงานอธิการบดี,2559,2480100.0
วิทยาเขตหาดใหญ่,สำนักงานอธิการบดี,2560,4082109.9800000004
วิทยาเขตหาดใหญ่,สำนักงานอธิการบดี,2561,4539510.0
วิทยาเขตหาดใหญ่,สำนักงานอธิการบดี,2562,2155038.0
วิทยาเขตหาดใหญ่,สำนักวิจัยและพัฒนา,2555,3215800.0
วิทยาเขตหาดใหญ่,สำนักวิจัยและพัฒนา,2556,1756404.0
วิทยาเขตหาดใหญ่,สำนักวิจัยและพัฒนา,2558,3558487.98
วิทยาเขตหาดใหญ่,สำนักวิจัยและพัฒนา,2559,27341029.99
วิทยาเขตหาดใหญ่,สำนักวิจัยและพัฒนา,2560,11394739.98
วิทยาเขตหาดใหญ่,สำนักวิจัยและพัฒนา,2561,6280987.0
วิทยาเขตหาดใหญ่,สำนักวิจัยและพัฒนา,2562,6058811.0
วิทยาเขตหาดใหญ่,อุทยานวิทยาศาสตร์ มหาวิทยาลัยสงขลานครินทร์,2561,26972000.0
