budget_year,budget_source_group_id,budget_source_group_th,camp_name_thai,fac_name_thai,sum_final_budget
2560,1,เงินงบประมาณแผ่นดิน   ,วิทยาเขตหาดใหญ่,สำนักวิจัยและพัฒนา,45000.0
2561,1,เงินงบประมาณแผ่นดิน   ,วิทยาเขตหาดใหญ่,สำนักวิจัยและพัฒนา,981000.0
2561,2,เงินกองทุนวิจัยมหาวิทยาลัย   ,วิทยาเขตหาดใหญ่,คณะวิทยาศาสตร์,200000.0
2561,3,เงินจากแหล่งทุนภายนอก ในประเทศไทย,วิทยาเขตปัตตานี,คณะมนุษยศาสตร์และสังคมศาสตร์,33333.3335
2561,3,เงินจากแหล่งทุนภายนอก ในประเทศไทย,วิทยาเขตหาดใหญ่,คณะพยาบาลศาสตร์,600000.003
2561,3,เงินจากแหล่งทุนภายนอก ในประเทศไทย,วิทยาเขตหาดใหญ่,คณะวิทยาศาสตร์,1152580.6639
2561,3,เงินจากแหล่งทุนภายนอก ในประเทศไทย,วิทยาเขตหาดใหญ่,คณะเภสัชศาสตร์,577899.3321
2561,3,เงินจากแหล่งทุนภายนอก ในประเทศไทย,วิทยาเขตหาดใหญ่,คณะแพทยศาสตร์,71030.6664
2561,7,เงินรายได้คณะ (กองทุนวิจัย),วิทยาเขตหาดใหญ่,คณะวิศวกรรมศาสตร์,79978.0
2562,1,เงินงบประมาณแผ่นดิน   ,วิทยาเขตตรัง,คณะพาณิชยศาสตร์และการจัดการ,518833.32299999986
2562,1,เงินงบประมาณแผ่นดิน   ,วิทยาเขตตรัง,คณะสถาปัตยกรรมศาสตร์,66666.67
2562,1,เงินงบประมาณแผ่นดิน   ,วิทยาเขตปัตตานี,คณะพยาบาลศาสตร์ วิทยาเขตปัตตานี,1748000.0
2562,1,เงินงบประมาณแผ่นดิน   ,วิทยาเขตปัตตานี,คณะมนุษยศาสตร์และสังคมศาสตร์,3088398.3305
2562,1,เงินงบประมาณแผ่นดิน   ,วิทยาเขตปัตตานี,คณะรัฐศาสตร์,98374.9995
2562,1,เงินงบประมาณแผ่นดิน   ,วิทยาเขตปัตตานี,คณะวิทยาการสื่อสาร,300000.0
2562,1,เงินงบประมาณแผ่นดิน   ,วิทยาเขตปัตตานี,คณะวิทยาศาสตร์และเทคโนโลยี,4983486.532
2562,1,เงินงบประมาณแผ่นดิน   ,วิทยาเขตปัตตานี,คณะศึกษาศาสตร์,1829499.998
2562,1,เงินงบประมาณแผ่นดิน   ,วิทยาเขตภูเก็ต,คณะการบริการและการท่องเที่ยว,83333.33
2562,1,เงินงบประมาณแผ่นดิน   ,วิทยาเขตภูเก็ต,คณะวิเทศศึกษา,52604.165
2562,1,เงินงบประมาณแผ่นดิน   ,วิทยาเขตภูเก็ต,คณะเทคโนโลยีและสิ่งแวดล้อม,399987.5
2562,1,เงินงบประมาณแผ่นดิน   ,วิทยาเขตภูเก็ต,วิทยาลัยการคอมพิวเตอร์,2118229.165
2562,1,เงินงบประมาณแผ่นดิน   ,วิทยาเขตสุราษฎร์ธานี,คณะวิทยาศาสตร์และเทคโนโลยีอุตสาหกรรม,5357296.597499998
2562,1,เงินงบประมาณแผ่นดิน   ,วิทยาเขตสุราษฎร์ธานี,คณะศิลปศาสตร์และวิทยาการจัดการ,293682.08349999995
2562,1,เงินงบประมาณแผ่นดิน   ,วิทยาเขตหาดใหญ่,คณะการจัดการสิ่งแวดล้อม,1815000.0
2562,1,เงินงบประมาณแผ่นดิน   ,วิทยาเขตหาดใหญ่,คณะการแพทย์แผนไทย,1965393.9430000002
2562,1,เงินงบประมาณแผ่นดิน   ,วิทยาเขตหาดใหญ่,คณะทรัพยากรธรรมชาติ,11229249.278
2562,1,เงินงบประมาณแผ่นดิน   ,วิทยาเขตหาดใหญ่,คณะทันตแพทยศาสตร์,2671400.0
2562,1,เงินงบประมาณแผ่นดิน   ,วิทยาเขตหาดใหญ่,คณะนิติศาสตร์,656290.0
2562,1,เงินงบประมาณแผ่นดิน   ,วิทยาเขตหาดใหญ่,คณะพยาบาลศาสตร์,1395538.33
2562,1,เงินงบประมาณแผ่นดิน   ,วิทยาเขตหาดใหญ่,คณะวิทยาการจัดการ,31598500.001
2562,1,เงินงบประมาณแผ่นดิน   ,วิทยาเขตหาดใหญ่,คณะวิทยาศาสตร์,14692714.297
2562,1,เงินงบประมาณแผ่นดิน   ,วิทยาเขตหาดใหญ่,คณะวิศวกรรมศาสตร์,8691342.874
2562,1,เงินงบประมาณแผ่นดิน   ,วิทยาเขตหาดใหญ่,คณะศิลปศาสตร์,4225833.33
2562,1,เงินงบประมาณแผ่นดิน   ,วิทยาเขตหาดใหญ่,คณะอุตสาหกรรมเกษตร,3394193.0549999997
2562,1,เงินงบประมาณแผ่นดิน   ,วิทยาเขตหาดใหญ่,คณะเทคนิคการแพทย์,787738.0
2562,1,เงินงบประมาณแผ่นดิน   ,วิทยาเขตหาดใหญ่,คณะเภสัชศาสตร์,3960000.0
2562,1,เงินงบประมาณแผ่นดิน   ,วิทยาเขตหาดใหญ่,คณะเศรษฐศาสตร์,196500.0
2562,1,เงินงบประมาณแผ่นดิน   ,วิทยาเขตหาดใหญ่,คณะแพทยศาสตร์,6202448.341
2562,1,เงินงบประมาณแผ่นดิน   ,วิทยาเขตหาดใหญ่,บัณฑิตวิทยาลัย,4568892.97
2562,1,เงินงบประมาณแผ่นดิน   ,วิทยาเขตหาดใหญ่,ศูนย์เครื่องมือวิทยาศาสตร์,10987360.0
2562,1,เงินงบประมาณแผ่นดิน   ,วิทยาเขตหาดใหญ่,สถาบันการจัดการระบบสุขภาพภาคใต้ (สจรส.ม.อ.),896746.667
2562,1,เงินงบประมาณแผ่นดิน   ,วิทยาเขตหาดใหญ่,สถาบันทรัพยากรทะเลและชายฝั่ง,449400.0
2562,1,เงินงบประมาณแผ่นดิน   ,วิทยาเขตหาดใหญ่,สถาบันสันติศึกษา,459266.66400000005
2562,1,เงินงบประมาณแผ่นดิน   ,วิทยาเขตหาดใหญ่,สำนักวิจัยและพัฒนา,213918.65200000003
2562,2,เงินกองทุนวิจัยมหาวิทยาลัย   ,วิทยาเขตปัตตานี,คณะมนุษยศาสตร์และสังคมศาสตร์,3157.8940000000002
2562,2,เงินกองทุนวิจัยมหาวิทยาลัย   ,วิทยาเขตปัตตานี,คณะรัฐศาสตร์,5526.3144999999995
2562,2,เงินกองทุนวิจัยมหาวิทยาลัย   ,วิทยาเขตปัตตานี,คณะวิทยาศาสตร์และเทคโนโลยี,286678.0105
2562,2,เงินกองทุนวิจัยมหาวิทยาลัย   ,วิทยาเขตสุราษฎร์ธานี,คณะวิทยาศาสตร์และเทคโนโลยีอุตสาหกรรม,423802.501
2562,2,เงินกองทุนวิจัยมหาวิทยาลัย   ,วิทยาเขตสุราษฎร์ธานี,คณะศิลปศาสตร์และวิทยาการจัดการ,193244.0
2562,2,เงินกองทุนวิจัยมหาวิทยาลัย   ,วิทยาเขตหาดใหญ่,คณะการแพทย์แผนไทย,574166.656
2562,2,เงินกองทุนวิจัยมหาวิทยาลัย   ,วิทยาเขตหาดใหญ่,คณะทรัพยากรธรรมชาติ,50000.0
2562,2,เงินกองทุนวิจัยมหาวิทยาลัย   ,วิทยาเขตหาดใหญ่,คณะทันตแพทยศาสตร์,9339.169
2562,2,เงินกองทุนวิจัยมหาวิทยาลัย   ,วิทยาเขตหาดใหญ่,คณะพยาบาลศาสตร์,45833.3325
2562,2,เงินกองทุนวิจัยมหาวิทยาลัย   ,วิทยาเขตหาดใหญ่,คณะวิทยาการจัดการ,39500.0
2562,2,เงินกองทุนวิจัยมหาวิทยาลัย   ,วิทยาเขตหาดใหญ่,คณะวิทยาศาสตร์,2028867.9835000003
2562,2,เงินกองทุนวิจัยมหาวิทยาลัย   ,วิทยาเขตหาดใหญ่,คณะวิศวกรรมศาสตร์,81333.331
2562,2,เงินกองทุนวิจัยมหาวิทยาลัย   ,วิทยาเขตหาดใหญ่,คณะสัตวแพทยศาสตร์,13333.334
2562,2,เงินกองทุนวิจัยมหาวิทยาลัย   ,วิทยาเขตหาดใหญ่,คณะอุตสาหกรรมเกษตร,641871.3594999999
2562,2,เงินกองทุนวิจัยมหาวิทยาลัย   ,วิทยาเขตหาดใหญ่,คณะเทคนิคการแพทย์,359609.162
2562,2,เงินกองทุนวิจัยมหาวิทยาลัย   ,วิทยาเขตหาดใหญ่,คณะเภสัชศาสตร์,217083.32849999997
2562,2,เงินกองทุนวิจัยมหาวิทยาลัย   ,วิทยาเขตหาดใหญ่,คณะแพทยศาสตร์,108169.1635
2562,2,เงินกองทุนวิจัยมหาวิทยาลัย   ,วิทยาเขตหาดใหญ่,บัณฑิตวิทยาลัย,161727.641
2562,2,เงินกองทุนวิจัยมหาวิทยาลัย   ,วิทยาเขตหาดใหญ่,ศูนย์เครื่องมือวิทยาศาสตร์,43531.020500000006
2562,2,เงินกองทุนวิจัยมหาวิทยาลัย   ,วิทยาเขตหาดใหญ่,สถาบันทรัพยากรทะเลและชายฝั่ง,32666.665500000003
2562,2,เงินกองทุนวิจัยมหาวิทยาลัย   ,วิทยาเขตหาดใหญ่,สำนักงานอธิการบดี,7105.2615
2562,2,เงินกองทุนวิจัยมหาวิทยาลัย   ,วิทยาเขตหาดใหญ่,สำนักวิจัยและพัฒนา,146666.674
2562,3,เงินจากแหล่งทุนภายนอก ในประเทศไทย,วิทยาเขตตรัง,คณะพาณิชยศาสตร์และการจัดการ,820375.6699999999
2562,3,เงินจากแหล่งทุนภายนอก ในประเทศไทย,วิทยาเขตตรัง,คณะสถาปัตยกรรมศาสตร์,80000.0
2562,3,เงินจากแหล่งทุนภายนอก ในประเทศไทย,วิทยาเขตปัตตานี,คณะพยาบาลศาสตร์ วิทยาเขตปัตตานี,31359.999999999996
2562,3,เงินจากแหล่งทุนภายนอก ในประเทศไทย,วิทยาเขตปัตตานี,คณะมนุษยศาสตร์และสังคมศาสตร์,1111776.6119000001
2562,3,เงินจากแหล่งทุนภายนอก ในประเทศไทย,วิทยาเขตปัตตานี,คณะวิทยาศาสตร์และเทคโนโลยี,1115829.7349999999
2562,3,เงินจากแหล่งทุนภายนอก ในประเทศไทย,วิทยาเขตปัตตานี,สถาบันวัฒนธรรมศึกษากัลยาณิวัฒนา,166666.666
2562,3,เงินจากแหล่งทุนภายนอก ในประเทศไทย,วิทยาเขตภูเก็ต,คณะการบริการและการท่องเที่ยว,150868.5
2562,3,เงินจากแหล่งทุนภายนอก ในประเทศไทย,วิทยาเขตสุราษฎร์ธานี,คณะวิทยาศาสตร์และเทคโนโลยีอุตสาหกรรม,58630182.2
2562,3,เงินจากแหล่งทุนภายนอก ในประเทศไทย,วิทยาเขตสุราษฎร์ธานี,คณะศิลปศาสตร์และวิทยาการจัดการ,586549.756
2562,3,เงินจากแหล่งทุนภายนอก ในประเทศไทย,วิทยาเขตสุราษฎร์ธานี,สำนักงานอธิการบดี วิทยาเขตสุราษฎร์ธานี,3829000.0000000005
2562,3,เงินจากแหล่งทุนภายนอก ในประเทศไทย,วิทยาเขตหาดใหญ่,คณะการจัดการสิ่งแวดล้อม,747901.846
2562,3,เงินจากแหล่งทุนภายนอก ในประเทศไทย,วิทยาเขตหาดใหญ่,คณะการแพทย์แผนไทย,190666.66800000003
2562,3,เงินจากแหล่งทุนภายนอก ในประเทศไทย,วิทยาเขตหาดใหญ่,คณะทรัพยากรธรรมชาติ,4792896.022
2562,3,เงินจากแหล่งทุนภายนอก ในประเทศไทย,วิทยาเขตหาดใหญ่,คณะนิติศาสตร์,472166.6792
2562,3,เงินจากแหล่งทุนภายนอก ในประเทศไทย,วิทยาเขตหาดใหญ่,คณะพยาบาลศาสตร์,1324027.997
2562,3,เงินจากแหล่งทุนภายนอก ในประเทศไทย,วิทยาเขตหาดใหญ่,คณะวิทยาการจัดการ,3133814.096
2562,3,เงินจากแหล่งทุนภายนอก ในประเทศไทย,วิทยาเขตหาดใหญ่,คณะวิทยาศาสตร์,8032027.289
2562,3,เงินจากแหล่งทุนภายนอก ในประเทศไทย,วิทยาเขตหาดใหญ่,คณะวิศวกรรมศาสตร์,2437946.3504999997
2562,3,เงินจากแหล่งทุนภายนอก ในประเทศไทย,วิทยาเขตหาดใหญ่,คณะศิลปศาสตร์,149041.67
2562,3,เงินจากแหล่งทุนภายนอก ในประเทศไทย,วิทยาเขตหาดใหญ่,คณะสัตวแพทยศาสตร์,36000.0
2562,3,เงินจากแหล่งทุนภายนอก ในประเทศไทย,วิทยาเขตหาดใหญ่,คณะอุตสาหกรรมเกษตร,464894.32279999997
2562,3,เงินจากแหล่งทุนภายนอก ในประเทศไทย,วิทยาเขตหาดใหญ่,คณะเทคนิคการแพทย์,970697.264
2562,3,เงินจากแหล่งทุนภายนอก ในประเทศไทย,วิทยาเขตหาดใหญ่,คณะเภสัชศาสตร์,2730756.0015
2562,3,เงินจากแหล่งทุนภายนอก ในประเทศไทย,วิทยาเขตหาดใหญ่,คณะเศรษฐศาสตร์,2369167.6600000006
2562,3,เงินจากแหล่งทุนภายนอก ในประเทศไทย,วิทยาเขตหาดใหญ่,คณะแพทยศาสตร์,3030953.9060000004
2562,3,เงินจากแหล่งทุนภายนอก ในประเทศไทย,วิทยาเขตหาดใหญ่,บัณฑิตวิทยาลัย,1194546.282
2562,3,เงินจากแหล่งทุนภายนอก ในประเทศไทย,วิทยาเขตหาดใหญ่,วิทยาลัยนานาชาติ วิทยาเขตหาดใหญ่,353750.01
2562,3,เงินจากแหล่งทุนภายนอก ในประเทศไทย,วิทยาเขตหาดใหญ่,สถาบันทรัพยากรทะเลและชายฝั่ง,370560.0
2562,3,เงินจากแหล่งทุนภายนอก ในประเทศไทย,วิทยาเขตหาดใหญ่,สถาบันสันติศึกษา,1335683.335
2562,3,เงินจากแหล่งทุนภายนอก ในประเทศไทย,วิทยาเขตหาดใหญ่,สำนักวิจัยและพัฒนา,494888.25
2562,3,เงินจากแหล่งทุนภายนอก ในประเทศไทย,วิทยาเขตหาดใหญ่,อุทยานวิทยาศาสตร์ มหาวิทยาลัยสงขลานครินทร์,49488.825000000004
2562,4,เงินจากแหล่งทุนภายนอก ต่างประเทศ,วิทยาเขตสุราษฎร์ธานี,คณะวิทยาศาสตร์และเทคโนโลยีอุตสาหกรรม,759758.34
2562,4,เงินจากแหล่งทุนภายนอก ต่างประเทศ,วิทยาเขตหาดใหญ่,คณะทรัพยากรธรรมชาติ,591802.2
2562,4,เงินจากแหล่งทุนภายนอก ต่างประเทศ,วิทยาเขตหาดใหญ่,คณะวิทยาศาสตร์,7575.0
2562,4,เงินจากแหล่งทุนภายนอก ต่างประเทศ,วิทยาเขตหาดใหญ่,คณะแพทยศาสตร์,857275.4550000001
2562,4,เงินจากแหล่งทุนภายนอก ต่างประเทศ,วิทยาเขตหาดใหญ่,สถาบันสันติศึกษา,781000.0
2562,6,เงินรายได้คณะ (เงินรายได้),วิทยาเขตปัตตานี,คณะวิทยาศาสตร์และเทคโนโลยี,102500.0
2562,6,เงินรายได้คณะ (เงินรายได้),วิทยาเขตหาดใหญ่,คณะเภสัชศาสตร์,171334.998
2562,6,เงินรายได้คณะ (เงินรายได้),วิทยาเขตหาดใหญ่,คณะแพทยศาสตร์,19118.75
2562,7,เงินรายได้คณะ (กองทุนวิจัย),วิทยาเขตปัตตานี,คณะพยาบาลศาสตร์ วิทยาเขตปัตตานี,43500.003000000004
2562,7,เงินรายได้คณะ (กองทุนวิจัย),วิทยาเขตปัตตานี,คณะมนุษยศาสตร์และสังคมศาสตร์,265253.33700000006
2562,7,เงินรายได้คณะ (กองทุนวิจัย),วิทยาเขตปัตตานี,คณะวิทยาศาสตร์และเทคโนโลยี,266125.0
2562,7,เงินรายได้คณะ (กองทุนวิจัย),วิทยาเขตปัตตานี,คณะศึกษาศาสตร์,181050.9125
2562,7,เงินรายได้คณะ (กองทุนวิจัย),วิทยาเขตปัตตานี,วิทยาลัยอิสลามศึกษา,39583.33
2562,7,เงินรายได้คณะ (กองทุนวิจัย),วิทยาเขตภูเก็ต,วิทยาลัยการคอมพิวเตอร์,29666.67
2562,7,เงินรายได้คณะ (กองทุนวิจัย),วิทยาเขตหาดใหญ่,คณะทรัพยากรธรรมชาติ,262500.0
2562,7,เงินรายได้คณะ (กองทุนวิจัย),วิทยาเขตหาดใหญ่,คณะทันตแพทยศาสตร์,91666.662
2562,7,เงินรายได้คณะ (กองทุนวิจัย),วิทยาเขตหาดใหญ่,คณะนิติศาสตร์,260000.00000000006
2562,7,เงินรายได้คณะ (กองทุนวิจัย),วิทยาเขตหาดใหญ่,คณะพยาบาลศาสตร์,369001.47300000006
2562,7,เงินรายได้คณะ (กองทุนวิจัย),วิทยาเขตหาดใหญ่,คณะวิทยาศาสตร์,853035.1805
2562,7,เงินรายได้คณะ (กองทุนวิจัย),วิทยาเขตหาดใหญ่,คณะวิศวกรรมศาสตร์,1078240.51
2562,7,เงินรายได้คณะ (กองทุนวิจัย),วิทยาเขตหาดใหญ่,คณะศิลปศาสตร์,252666.65999999997
2562,7,เงินรายได้คณะ (กองทุนวิจัย),วิทยาเขตหาดใหญ่,คณะเทคนิคการแพทย์,42395.839499999995
2562,7,เงินรายได้คณะ (กองทุนวิจัย),วิทยาเขตหาดใหญ่,คณะเภสัชศาสตร์,388392.84900000005
2562,7,เงินรายได้คณะ (กองทุนวิจัย),วิทยาเขตหาดใหญ่,คณะแพทยศาสตร์,132819.489
2562,8,เงินกองทุนวิจัยวิทยาเขต,วิทยาเขตตรัง,คณะพาณิชยศาสตร์และการจัดการ,48927.5
2562,8,เงินกองทุนวิจัยวิทยาเขต,วิทยาเขตปัตตานี,คณะมนุษยศาสตร์และสังคมศาสตร์,21555.5
2562,8,เงินกองทุนวิจัยวิทยาเขต,วิทยาเขตปัตตานี,คณะวิทยาศาสตร์และเทคโนโลยี,200792.503
2562,8,เงินกองทุนวิจัยวิทยาเขต,วิทยาเขตปัตตานี,วิทยาลัยอิสลามศึกษา,80810.664
2562,8,เงินกองทุนวิจัยวิทยาเขต,วิทยาเขตภูเก็ต,วิทยาลัยการคอมพิวเตอร์,72977.9985
2562,8,เงินกองทุนวิจัยวิทยาเขต,วิทยาเขตภูเก็ต,สำนักงานอธิการบดี วิทยาเขตภูเก็ต,6695.3315
2562,8,เงินกองทุนวิจัยวิทยาเขต,วิทยาเขตสุราษฎร์ธานี,คณะวิทยาศาสตร์และเทคโนโลยีอุตสาหกรรม,6490034.033
2562,8,เงินกองทุนวิจัยวิทยาเขต,วิทยาเขตสุราษฎร์ธานี,คณะศิลปศาสตร์และวิทยาการจัดการ,679535.4165
2562,8,เงินกองทุนวิจัยวิทยาเขต,วิทยาเขตสุราษฎร์ธานี,สำนักงานอธิการบดี วิทยาเขตสุราษฎร์ธานี,913704.1680000001
2562,9,เงินรายได้วิทยาเขต,วิทยาเขตปัตตานี,คณะวิทยาศาสตร์และเทคโนโลยี,23282.5
2563,1,เงินงบประมาณแผ่นดิน   ,วิทยาเขตตรัง,คณะพาณิชยศาสตร์และการจัดการ,485566.67700000014
2563,1,เงินงบประมาณแผ่นดิน   ,วิทยาเขตตรัง,คณะสถาปัตยกรรมศาสตร์,93333.33
2563,1,เงินงบประมาณแผ่นดิน   ,วิทยาเขตปัตตานี,คณะมนุษยศาสตร์และสังคมศาสตร์,163041.66950000002
2563,1,เงินงบประมาณแผ่นดิน   ,วิทยาเขตปัตตานี,คณะรัฐศาสตร์,137725.0005
2563,1,เงินงบประมาณแผ่นดิน   ,วิทยาเขตปัตตานี,คณะวิทยาศาสตร์และเทคโนโลยี,1310387.318
2563,1,เงินงบประมาณแผ่นดิน   ,วิทยาเขตปัตตานี,คณะศึกษาศาสตร์,206500.00199999998
2563,1,เงินงบประมาณแผ่นดิน   ,วิทยาเขตภูเก็ต,คณะการบริการและการท่องเที่ยว,116666.67
2563,1,เงินงบประมาณแผ่นดิน   ,วิทยาเขตภูเก็ต,คณะวิเทศศึกษา,73645.835
2563,1,เงินงบประมาณแผ่นดิน   ,วิทยาเขตภูเก็ต,คณะเทคโนโลยีและสิ่งแวดล้อม,459987.5
2563,1,เงินงบประมาณแผ่นดิน   ,วิทยาเขตภูเก็ต,วิทยาลัยการคอมพิวเตอร์,165520.83500000002
2563,1,เงินงบประมาณแผ่นดิน   ,วิทยาเขตสุราษฎร์ธานี,คณะวิทยาศาสตร์และเทคโนโลยีอุตสาหกรรม,1533460.7025000001
2563,1,เงินงบประมาณแผ่นดิน   ,วิทยาเขตสุราษฎร์ธานี,คณะศิลปศาสตร์และวิทยาการจัดการ,411154.9165
2563,1,เงินงบประมาณแผ่นดิน   ,วิทยาเขตหาดใหญ่,คณะการแพทย์แผนไทย,65606.057
2563,1,เงินงบประมาณแผ่นดิน   ,วิทยาเขตหาดใหญ่,คณะทรัพยากรธรรมชาติ,457965.722
2563,1,เงินงบประมาณแผ่นดิน   ,วิทยาเขตหาดใหญ่,คณะพยาบาลศาสตร์,370241.67
2563,1,เงินงบประมาณแผ่นดิน   ,วิทยาเขตหาดใหญ่,คณะวิทยาการจัดการ,17499.999000000003
2563,1,เงินงบประมาณแผ่นดิน   ,วิทยาเขตหาดใหญ่,คณะวิทยาศาสตร์,1208225.9030000002
2563,1,เงินงบประมาณแผ่นดิน   ,วิทยาเขตหาดใหญ่,คณะวิศวกรรมศาสตร์,1338063.0259999998
2563,1,เงินงบประมาณแผ่นดิน   ,วิทยาเขตหาดใหญ่,คณะศิลปศาสตร์,116666.67
2563,1,เงินงบประมาณแผ่นดิน   ,วิทยาเขตหาดใหญ่,คณะอุตสาหกรรมเกษตร,1947578.9450000003
2563,1,เงินงบประมาณแผ่นดิน   ,วิทยาเขตหาดใหญ่,คณะเภสัชศาสตร์,0.0
2563,1,เงินงบประมาณแผ่นดิน   ,วิทยาเขตหาดใหญ่,คณะเศรษฐศาสตร์,16500.0
2563,1,เงินงบประมาณแผ่นดิน   ,วิทยาเขตหาดใหญ่,คณะแพทยศาสตร์,796166.659
2563,1,เงินงบประมาณแผ่นดิน   ,วิทยาเขตหาดใหญ่,บัณฑิตวิทยาลัย,937670.63
2563,1,เงินงบประมาณแผ่นดิน   ,วิทยาเขตหาดใหญ่,สถาบันการจัดการระบบสุขภาพภาคใต้ (สจรส.ม.อ.),5833.3330000000005
2563,1,เงินงบประมาณแผ่นดิน   ,วิทยาเขตหาดใหญ่,สถาบันสันติศึกษา,58333.335999999996
2563,1,เงินงบประมาณแผ่นดิน   ,วิทยาเขตหาดใหญ่,สำนักวิจัยและพัฒนา,112173.04800000001
2563,2,เงินกองทุนวิจัยมหาวิทยาลัย   ,วิทยาเขตปัตตานี,คณะมนุษยศาสตร์และสังคมศาสตร์,12631.578000000001
2563,2,เงินกองทุนวิจัยมหาวิทยาลัย   ,วิทยาเขตปัตตานี,คณะรัฐศาสตร์,22105.261499999997
2563,2,เงินกองทุนวิจัยมหาวิทยาลัย   ,วิทยาเขตปัตตานี,คณะวิทยาศาสตร์และเทคโนโลยี,609286.933
2563,2,เงินกองทุนวิจัยมหาวิทยาลัย   ,วิทยาเขตสุราษฎร์ธานี,คณะวิทยาศาสตร์และเทคโนโลยีอุตสาหกรรม,1130938.33
2563,2,เงินกองทุนวิจัยมหาวิทยาลัย   ,วิทยาเขตสุราษฎร์ธานี,คณะศิลปศาสตร์และวิทยาการจัดการ,193788.0
2563,2,เงินกองทุนวิจัยมหาวิทยาลัย   ,วิทยาเขตหาดใหญ่,คณะการแพทย์แผนไทย,730000.0
2563,2,เงินกองทุนวิจัยมหาวิทยาลัย   ,วิทยาเขตหาดใหญ่,คณะทรัพยากรธรรมชาติ,100000.0
2563,2,เงินกองทุนวิจัยมหาวิทยาลัย   ,วิทยาเขตหาดใหญ่,คณะทันตแพทยศาสตร์,56035.0
2563,2,เงินกองทุนวิจัยมหาวิทยาลัย   ,วิทยาเขตหาดใหญ่,คณะพยาบาลศาสตร์,50000.0
2563,2,เงินกองทุนวิจัยมหาวิทยาลัย   ,วิทยาเขตหาดใหญ่,คณะวิทยาการจัดการ,79000.0
2563,2,เงินกองทุนวิจัยมหาวิทยาลัย   ,วิทยาเขตหาดใหญ่,คณะวิทยาศาสตร์,5189617.324
2563,2,เงินกองทุนวิจัยมหาวิทยาลัย   ,วิทยาเขตหาดใหญ่,คณะวิศวกรรมศาสตร์,139000.0
2563,2,เงินกองทุนวิจัยมหาวิทยาลัย   ,วิทยาเขตหาดใหญ่,คณะสัตวแพทยศาสตร์,40000.0
2563,2,เงินกองทุนวิจัยมหาวิทยาลัย   ,วิทยาเขตหาดใหญ่,คณะอุตสาหกรรมเกษตร,558947.423
2563,2,เงินกองทุนวิจัยมหาวิทยาลัย   ,วิทยาเขตหาดใหญ่,คณะเทคนิคการแพทย์,1137587.0025
2563,2,เงินกองทุนวิจัยมหาวิทยาลัย   ,วิทยาเขตหาดใหญ่,คณะเภสัชศาสตร์,487749.9975
2563,2,เงินกองทุนวิจัยมหาวิทยาลัย   ,วิทยาเขตหาดใหญ่,คณะแพทยศาสตร์,274015.0
2563,2,เงินกองทุนวิจัยมหาวิทยาลัย   ,วิทยาเขตหาดใหญ่,บัณฑิตวิทยาลัย,364182.9276
2563,2,เงินกองทุนวิจัยมหาวิทยาลัย   ,วิทยาเขตหาดใหญ่,ศูนย์เครื่องมือวิทยาศาสตร์,130593.0542
2563,2,เงินกองทุนวิจัยมหาวิทยาลัย   ,วิทยาเขตหาดใหญ่,สถาบันทรัพยากรทะเลและชายฝั่ง,65333.334500000004
2563,2,เงินกองทุนวิจัยมหาวิทยาลัย   ,วิทยาเขตหาดใหญ่,สำนักงานอธิการบดี,28421.050499999998
2563,2,เงินกองทุนวิจัยมหาวิทยาลัย   ,วิทยาเขตหาดใหญ่,สำนักวิจัยและพัฒนา,293333.326
2563,3,เงินจากแหล่งทุนภายนอก ในประเทศไทย,วิทยาเขตตรัง,คณะพาณิชยศาสตร์และการจัดการ,597908.33
2563,3,เงินจากแหล่งทุนภายนอก ในประเทศไทย,วิทยาเขตตรัง,คณะสถาปัตยกรรมศาสตร์,240000.0
2563,3,เงินจากแหล่งทุนภายนอก ในประเทศไทย,วิทยาเขตปัตตานี,คณะพยาบาลศาสตร์ วิทยาเขตปัตตานี,15679.999999999998
2563,3,เงินจากแหล่งทุนภายนอก ในประเทศไทย,วิทยาเขตปัตตานี,คณะมนุษยศาสตร์และสังคมศาสตร์,390859.7346
2563,3,เงินจากแหล่งทุนภายนอก ในประเทศไทย,วิทยาเขตปัตตานี,คณะวิทยาศาสตร์และเทคโนโลยี,1842913.001
2563,3,เงินจากแหล่งทุนภายนอก ในประเทศไทย,วิทยาเขตปัตตานี,คณะศึกษาศาสตร์,182376.0
2563,3,เงินจากแหล่งทุนภายนอก ในประเทศไทย,วิทยาเขตปัตตานี,สถาบันวัฒนธรรมศึกษากัลยาณิวัฒนา,33333.334
2563,3,เงินจากแหล่งทุนภายนอก ในประเทศไทย,วิทยาเขตภูเก็ต,คณะการบริการและการท่องเที่ยว,108529.95000000001
2563,3,เงินจากแหล่งทุนภายนอก ในประเทศไทย,วิทยาเขตภูเก็ต,คณะวิเทศศึกษา,62500.0
2563,3,เงินจากแหล่งทุนภายนอก ในประเทศไทย,วิทยาเขตภูเก็ต,คณะเทคโนโลยีและสิ่งแวดล้อม,1041018.75
2563,3,เงินจากแหล่งทุนภายนอก ในประเทศไทย,วิทยาเขตภูเก็ต,วิทยาลัยการคอมพิวเตอร์,187500.0
2563,3,เงินจากแหล่งทุนภายนอก ในประเทศไทย,วิทยาเขตสุราษฎร์ธานี,คณะวิทยาศาสตร์และเทคโนโลยีอุตสาหกรรม,3218209.8000000003
2563,3,เงินจากแหล่งทุนภายนอก ในประเทศไทย,วิทยาเขตสุราษฎร์ธานี,คณะศิลปศาสตร์และวิทยาการจัดการ,977062.744
2563,3,เงินจากแหล่งทุนภายนอก ในประเทศไทย,วิทยาเขตหาดใหญ่,คณะการจัดการสิ่งแวดล้อม,2116617.948
2563,3,เงินจากแหล่งทุนภายนอก ในประเทศไทย,วิทยาเขตหาดใหญ่,คณะการแพทย์แผนไทย,38133.331999999995
2563,3,เงินจากแหล่งทุนภายนอก ในประเทศไทย,วิทยาเขตหาดใหญ่,คณะทรัพยากรธรรมชาติ,3203986.0560000003
2563,3,เงินจากแหล่งทุนภายนอก ในประเทศไทย,วิทยาเขตหาดใหญ่,คณะนิติศาสตร์,2367166.66
2563,3,เงินจากแหล่งทุนภายนอก ในประเทศไทย,วิทยาเขตหาดใหญ่,คณะพยาบาลศาสตร์,150042.0
2563,3,เงินจากแหล่งทุนภายนอก ในประเทศไทย,วิทยาเขตหาดใหญ่,คณะวิทยาการจัดการ,1540049.0639999998
2563,3,เงินจากแหล่งทุนภายนอก ในประเทศไทย,วิทยาเขตหาดใหญ่,คณะวิทยาศาสตร์,5858245.4070999995
2563,3,เงินจากแหล่งทุนภายนอก ในประเทศไทย,วิทยาเขตหาดใหญ่,คณะวิศวกรรมศาสตร์,9610895.696999999
2563,3,เงินจากแหล่งทุนภายนอก ในประเทศไทย,วิทยาเขตหาดใหญ่,คณะศิลปศาสตร์,609524.0
2563,3,เงินจากแหล่งทุนภายนอก ในประเทศไทย,วิทยาเขตหาดใหญ่,คณะสัตวแพทยศาสตร์,24000.0
2563,3,เงินจากแหล่งทุนภายนอก ในประเทศไทย,วิทยาเขตหาดใหญ่,คณะอุตสาหกรรมเกษตร,2645675.88
2563,3,เงินจากแหล่งทุนภายนอก ในประเทศไทย,วิทยาเขตหาดใหญ่,คณะเทคนิคการแพทย์,300000.0
2563,3,เงินจากแหล่งทุนภายนอก ในประเทศไทย,วิทยาเขตหาดใหญ่,คณะเภสัชศาสตร์,751578.6664
2563,3,เงินจากแหล่งทุนภายนอก ในประเทศไทย,วิทยาเขตหาดใหญ่,คณะเศรษฐศาสตร์,8551193.9603
2563,3,เงินจากแหล่งทุนภายนอก ในประเทศไทย,วิทยาเขตหาดใหญ่,คณะแพทยศาสตร์,3067722.1115999995
2563,3,เงินจากแหล่งทุนภายนอก ในประเทศไทย,วิทยาเขตหาดใหญ่,บัณฑิตวิทยาลัย,925555.078
2563,3,เงินจากแหล่งทุนภายนอก ในประเทศไทย,วิทยาเขตหาดใหญ่,วิทยาลัยนานาชาติ วิทยาเขตหาดใหญ่,566000.0
2563,3,เงินจากแหล่งทุนภายนอก ในประเทศไทย,วิทยาเขตหาดใหญ่,สถาบันทรัพยากรทะเลและชายฝั่ง,172800.0
2563,3,เงินจากแหล่งทุนภายนอก ในประเทศไทย,วิทยาเขตหาดใหญ่,สถาบันสันติศึกษา,110516.66500000001
2563,3,เงินจากแหล่งทุนภายนอก ในประเทศไทย,วิทยาเขตหาดใหญ่,สำนักวิจัยและพัฒนา,249962.75
2563,3,เงินจากแหล่งทุนภายนอก ในประเทศไทย,วิทยาเขตหาดใหญ่,อุทยานวิทยาศาสตร์ มหาวิทยาลัยสงขลานครินทร์,16496.275
2563,4,เงินจากแหล่งทุนภายนอก ต่างประเทศ,วิทยาเขตสุราษฎร์ธานี,คณะวิทยาศาสตร์และเทคโนโลยีอุตสาหกรรม,562975.0
2563,4,เงินจากแหล่งทุนภายนอก ต่างประเทศ,วิทยาเขตหาดใหญ่,คณะทรัพยากรธรรมชาติ,394534.8
2563,4,เงินจากแหล่งทุนภายนอก ต่างประเทศ,วิทยาเขตหาดใหญ่,คณะวิทยาศาสตร์,2525.0
2563,4,เงินจากแหล่งทุนภายนอก ต่างประเทศ,วิทยาเขตหาดใหญ่,คณะวิศวกรรมศาสตร์,112782.06999999999
2563,4,เงินจากแหล่งทุนภายนอก ต่างประเทศ,วิทยาเขตหาดใหญ่,คณะแพทยศาสตร์,186000.545
2563,6,เงินรายได้คณะ (เงินรายได้),วิทยาเขตปัตตานี,คณะวิทยาศาสตร์และเทคโนโลยี,2500.0
2563,6,เงินรายได้คณะ (เงินรายได้),วิทยาเขตหาดใหญ่,คณะทันตแพทยศาสตร์,75000.0
2563,6,เงินรายได้คณะ (เงินรายได้),วิทยาเขตหาดใหญ่,คณะเภสัชศาสตร์,47015.002
2563,6,เงินรายได้คณะ (เงินรายได้),วิทยาเขตหาดใหญ่,คณะแพทยศาสตร์,36225.0
2563,7,เงินรายได้คณะ (กองทุนวิจัย),วิทยาเขตปัตตานี,คณะพยาบาลศาสตร์ วิทยาเขตปัตตานี,103499.99700000002
2563,7,เงินรายได้คณะ (กองทุนวิจัย),วิทยาเขตปัตตานี,คณะมนุษยศาสตร์และสังคมศาสตร์,40666.663
2563,7,เงินรายได้คณะ (กองทุนวิจัย),วิทยาเขตปัตตานี,คณะวิทยาศาสตร์และเทคโนโลยี,350166.66000000003
2563,7,เงินรายได้คณะ (กองทุนวิจัย),วิทยาเขตปัตตานี,คณะศึกษาศาสตร์,177119.08749999997
2563,7,เงินรายได้คณะ (กองทุนวิจัย),วิทยาเขตปัตตานี,วิทยาลัยอิสลามศึกษา,47916.67
2563,7,เงินรายได้คณะ (กองทุนวิจัย),วิทยาเขตภูเก็ต,วิทยาลัยการคอมพิวเตอร์,386333.32999999996
2563,7,เงินรายได้คณะ (กองทุนวิจัย),วิทยาเขตหาดใหญ่,คณะทรัพยากรธรรมชาติ,250000.0
2563,7,เงินรายได้คณะ (กองทุนวิจัย),วิทยาเขตหาดใหญ่,คณะทันตแพทยศาสตร์,192916.66999999998
2563,7,เงินรายได้คณะ (กองทุนวิจัย),วิทยาเขตหาดใหญ่,คณะนิติศาสตร์,320000.0
2563,7,เงินรายได้คณะ (กองทุนวิจัย),วิทยาเขตหาดใหญ่,คณะพยาบาลศาสตร์,488631.7750000001
2563,7,เงินรายได้คณะ (กองทุนวิจัย),วิทยาเขตหาดใหญ่,คณะวิทยาศาสตร์,2047618.87
2563,7,เงินรายได้คณะ (กองทุนวิจัย),วิทยาเขตหาดใหญ่,คณะวิศวกรรมศาสตร์,1098070.83
2563,7,เงินรายได้คณะ (กองทุนวิจัย),วิทยาเขตหาดใหญ่,คณะศิลปศาสตร์,179333.33999999997
2563,7,เงินรายได้คณะ (กองทุนวิจัย),วิทยาเขตหาดใหญ่,คณะเทคนิคการแพทย์,46250.0
2563,7,เงินรายได้คณะ (กองทุนวิจัย),วิทยาเขตหาดใหญ่,คณะเภสัชศาสตร์,767559.531
2563,7,เงินรายได้คณะ (กองทุนวิจัย),วิทยาเขตหาดใหญ่,คณะแพทยศาสตร์,86932.65299999999
2563,8,เงินกองทุนวิจัยวิทยาเขต,วิทยาเขตตรัง,คณะพาณิชยศาสตร์และการจัดการ,409357.5
2563,8,เงินกองทุนวิจัยวิทยาเขต,วิทยาเขตปัตตานี,คณะมนุษยศาสตร์และสังคมศาสตร์,86222.0
2563,8,เงินกองทุนวิจัยวิทยาเขต,วิทยาเขตปัตตานี,คณะวิทยาศาสตร์และเทคโนโลยี,228599.16700000002
2563,8,เงินกองทุนวิจัยวิทยาเขต,วิทยาเขตปัตตานี,วิทยาลัยอิสลามศึกษา,40405.336
2563,8,เงินกองทุนวิจัยวิทยาเขต,วิทยาเขตภูเก็ต,วิทยาลัยการคอมพิวเตอร์,49890.0015
2563,8,เงินกองทุนวิจัยวิทยาเขต,วิทยาเขตภูเก็ต,สำนักงานอธิการบดี วิทยาเขตภูเก็ต,33476.6685
2563,8,เงินกองทุนวิจัยวิทยาเขต,วิทยาเขตสุราษฎร์ธานี,คณะวิทยาศาสตร์และเทคโนโลยีอุตสาหกรรม,8762098.757000001
2563,8,เงินกองทุนวิจัยวิทยาเขต,วิทยาเขตสุราษฎร์ธานี,คณะศิลปศาสตร์และวิทยาการจัดการ,1343989.5835
2563,8,เงินกองทุนวิจัยวิทยาเขต,วิทยาเขตสุราษฎร์ธานี,สำนักงานอธิการบดี วิทยาเขตสุราษฎร์ธานี,1279185.8320000002
2563,9,เงินรายได้วิทยาเขต,วิทยาเขตปัตตานี,คณะวิทยาศาสตร์และเทคโนโลยี,93130.0
2564,2,เงินกองทุนวิจัยมหาวิทยาลัย   ,วิทยาเขตปัตตานี,คณะมนุษยศาสตร์และสังคมศาสตร์,4210.528
2564,2,เงินกองทุนวิจัยมหาวิทยาลัย   ,วิทยาเขตปัตตานี,คณะรัฐศาสตร์,7368.423999999999
2564,2,เงินกองทุนวิจัยมหาวิทยาลัย   ,วิทยาเขตปัตตานี,คณะวิทยาศาสตร์และเทคโนโลยี,175045.8565
2564,2,เงินกองทุนวิจัยมหาวิทยาลัย   ,วิทยาเขตสุราษฎร์ธานี,คณะวิทยาศาสตร์และเทคโนโลยีอุตสาหกรรม,640469.169
2564,2,เงินกองทุนวิจัยมหาวิทยาลัย   ,วิทยาเขตหาดใหญ่,คณะการแพทย์แผนไทย,155833.344
2564,2,เงินกองทุนวิจัยมหาวิทยาลัย   ,วิทยาเขตหาดใหญ่,คณะทรัพยากรธรรมชาติ,50000.0
2564,2,เงินกองทุนวิจัยมหาวิทยาลัย   ,วิทยาเขตหาดใหญ่,คณะทันตแพทยศาสตร์,46695.831000000006
2564,2,เงินกองทุนวิจัยมหาวิทยาลัย   ,วิทยาเขตหาดใหญ่,คณะพยาบาลศาสตร์,4166.6675
2564,2,เงินกองทุนวิจัยมหาวิทยาลัย   ,วิทยาเขตหาดใหญ่,คณะวิทยาศาสตร์,2996606.022499999
2564,2,เงินกองทุนวิจัยมหาวิทยาลัย   ,วิทยาเขตหาดใหญ่,คณะวิศวกรรมศาสตร์,57666.669
2564,2,เงินกองทุนวิจัยมหาวิทยาลัย   ,วิทยาเขตหาดใหญ่,คณะสัตวแพทยศาสตร์,26666.665999999997
2564,2,เงินกองทุนวิจัยมหาวิทยาลัย   ,วิทยาเขตหาดใหญ่,คณะอุตสาหกรรมเกษตร,75995.61750000001
2564,2,เงินกองทุนวิจัยมหาวิทยาลัย   ,วิทยาเขตหาดใหญ่,คณะเทคนิคการแพทย์,696641.8380000001
2564,2,เงินกองทุนวิจัยมหาวิทยาลัย   ,วิทยาเขตหาดใหญ่,คณะเภสัชศาสตร์,222916.674
2564,2,เงินกองทุนวิจัยมหาวิทยาลัย   ,วิทยาเขตหาดใหญ่,คณะแพทยศาสตร์,165845.8365
2564,2,เงินกองทุนวิจัยมหาวิทยาลัย   ,วิทยาเขตหาดใหญ่,บัณฑิตวิทยาลัย,10181.9114
2564,2,เงินกองทุนวิจัยมหาวิทยาลัย   ,วิทยาเขตหาดใหญ่,ศูนย์เครื่องมือวิทยาศาสตร์,76216.0853
2564,2,เงินกองทุนวิจัยมหาวิทยาลัย   ,วิทยาเขตหาดใหญ่,สำนักงานอธิการบดี,9473.687999999998
2564,3,เงินจากแหล่งทุนภายนอก ในประเทศไทย,วิทยาเขตตรัง,คณะพาณิชยศาสตร์และการจัดการ,135000.0
2564,3,เงินจากแหล่งทุนภายนอก ในประเทศไทย,วิทยาเขตตรัง,คณะสถาปัตยกรรมศาสตร์,20000.0
2564,3,เงินจากแหล่งทุนภายนอก ในประเทศไทย,วิทยาเขตปัตตานี,คณะวิทยาศาสตร์และเทคโนโลยี,934445.831
2564,3,เงินจากแหล่งทุนภายนอก ในประเทศไทย,วิทยาเขตภูเก็ต,คณะการบริการและการท่องเที่ยว,104475.00000000001
2564,3,เงินจากแหล่งทุนภายนอก ในประเทศไทย,วิทยาเขตภูเก็ต,คณะเทคโนโลยีและสิ่งแวดล้อม,1388025.0
2564,3,เงินจากแหล่งทุนภายนอก ในประเทศไทย,วิทยาเขตสุราษฎร์ธานี,คณะวิทยาศาสตร์และเทคโนโลยีอุตสาหกรรม,137500.0
2564,3,เงินจากแหล่งทุนภายนอก ในประเทศไทย,วิทยาเขตสุราษฎร์ธานี,คณะศิลปศาสตร์และวิทยาการจัดการ,162500.0
2564,3,เงินจากแหล่งทุนภายนอก ในประเทศไทย,วิทยาเขตหาดใหญ่,คณะการจัดการสิ่งแวดล้อม,401953.846
2564,3,เงินจากแหล่งทุนภายนอก ในประเทศไทย,วิทยาเขตหาดใหญ่,คณะทรัพยากรธรรมชาติ,298839.022
2564,3,เงินจากแหล่งทุนภายนอก ในประเทศไทย,วิทยาเขตหาดใหญ่,คณะนิติศาสตร์,332666.66080000007
2564,3,เงินจากแหล่งทุนภายนอก ในประเทศไทย,วิทยาเขตหาดใหญ่,คณะวิทยาการจัดการ,173958.34
2564,3,เงินจากแหล่งทุนภายนอก ในประเทศไทย,วิทยาเขตหาดใหญ่,คณะวิทยาศาสตร์,2822393.846
2564,3,เงินจากแหล่งทุนภายนอก ในประเทศไทย,วิทยาเขตหาดใหญ่,คณะวิศวกรรมศาสตร์,8424260.115
2564,3,เงินจากแหล่งทุนภายนอก ในประเทศไทย,วิทยาเขตหาดใหญ่,คณะศิลปศาสตร์,106458.32999999999
2564,3,เงินจากแหล่งทุนภายนอก ในประเทศไทย,วิทยาเขตหาดใหญ่,คณะอุตสาหกรรมเกษตร,1050000.0
2564,3,เงินจากแหล่งทุนภายนอก ในประเทศไทย,วิทยาเขตหาดใหญ่,คณะเทคนิคการแพทย์,125000.0
2564,3,เงินจากแหล่งทุนภายนอก ในประเทศไทย,วิทยาเขตหาดใหญ่,คณะเศรษฐศาสตร์,1528489.4196999995
2564,3,เงินจากแหล่งทุนภายนอก ในประเทศไทย,วิทยาเขตหาดใหญ่,คณะแพทยศาสตร์,46153.846000000005
2564,3,เงินจากแหล่งทุนภายนอก ในประเทศไทย,วิทยาเขตหาดใหญ่,บัณฑิตวิทยาลัย,250000.0
2564,3,เงินจากแหล่งทุนภายนอก ในประเทศไทย,วิทยาเขตหาดใหญ่,วิทยาลัยนานาชาติ วิทยาเขตหาดใหญ่,212249.99
2564,4,เงินจากแหล่งทุนภายนอก ต่างประเทศ,วิทยาเขตสุราษฎร์ธานี,คณะวิทยาศาสตร์และเทคโนโลยีอุตสาหกรรม,263000.0
2564,6,เงินรายได้คณะ (เงินรายได้),วิทยาเขตหาดใหญ่,คณะทันตแพทยศาสตร์,25000.0
2564,6,เงินรายได้คณะ (เงินรายได้),วิทยาเขตหาดใหญ่,คณะแพทยศาสตร์,17606.25
2564,7,เงินรายได้คณะ (กองทุนวิจัย),วิทยาเขตปัตตานี,คณะวิทยาศาสตร์และเทคโนโลยี,70708.34
2564,7,เงินรายได้คณะ (กองทุนวิจัย),วิทยาเขตปัตตานี,คณะศึกษาศาสตร์,17070.0
2564,7,เงินรายได้คณะ (กองทุนวิจัย),วิทยาเขตภูเก็ต,วิทยาลัยการคอมพิวเตอร์,398333.33
2564,7,เงินรายได้คณะ (กองทุนวิจัย),วิทยาเขตหาดใหญ่,คณะทรัพยากรธรรมชาติ,187500.0
2564,7,เงินรายได้คณะ (กองทุนวิจัย),วิทยาเขตหาดใหญ่,คณะทันตแพทยศาสตร์,86666.668
2564,7,เงินรายได้คณะ (กองทุนวิจัย),วิทยาเขตหาดใหญ่,คณะพยาบาลศาสตร์,115690.75199999995
2564,7,เงินรายได้คณะ (กองทุนวิจัย),วิทยาเขตหาดใหญ่,คณะวิทยาศาสตร์,1519265.4495
2564,7,เงินรายได้คณะ (กองทุนวิจัย),วิทยาเขตหาดใหญ่,คณะวิศวกรรมศาสตร์,707416.66
2564,7,เงินรายได้คณะ (กองทุนวิจัย),วิทยาเขตหาดใหญ่,คณะเทคนิคการแพทย์,3854.1605
2564,7,เงินรายได้คณะ (กองทุนวิจัย),วิทยาเขตหาดใหญ่,คณะเภสัชศาสตร์,597797.62
2564,7,เงินรายได้คณะ (กองทุนวิจัย),วิทยาเขตหาดใหญ่,คณะแพทยศาสตร์,9642.858
2564,8,เงินกองทุนวิจัยวิทยาเขต,วิทยาเขตตรัง,คณะพาณิชยศาสตร์และการจัดการ,14275.0
2564,8,เงินกองทุนวิจัยวิทยาเขต,วิทยาเขตปัตตานี,คณะมนุษยศาสตร์และสังคมศาสตร์,64666.5
2564,8,เงินกองทุนวิจัยวิทยาเขต,วิทยาเขตปัตตานี,คณะวิทยาศาสตร์และเทคโนโลยี,68898.33
2564,8,เงินกองทุนวิจัยวิทยาเขต,วิทยาเขตสุราษฎร์ธานี,คณะวิทยาศาสตร์และเทคโนโลยีอุตสาหกรรม,159722.21
2564,9,เงินรายได้วิทยาเขต,วิทยาเขตปัตตานี,คณะวิทยาศาสตร์และเทคโนโลยี,69847.5
2565,2,เงินกองทุนวิจัยมหาวิทยาลัย   ,วิทยาเขตหาดใหญ่,คณะวิทยาศาสตร์,16666.67
2565,2,เงินกองทุนวิจัยมหาวิทยาลัย   ,วิทยาเขตหาดใหญ่,คณะเทคนิคการแพทย์,24999.9975
2565,3,เงินจากแหล่งทุนภายนอก ในประเทศไทย,วิทยาเขตปัตตานี,คณะวิทยาศาสตร์และเทคโนโลยี,343749.99900000007
2565,3,เงินจากแหล่งทุนภายนอก ในประเทศไทย,วิทยาเขตภูเก็ต,คณะการบริการและการท่องเที่ยว,26118.750000000004
2565,3,เงินจากแหล่งทุนภายนอก ในประเทศไทย,วิทยาเขตภูเก็ต,คณะเทคโนโลยีและสิ่งแวดล้อม,347006.25
2565,3,เงินจากแหล่งทุนภายนอก ในประเทศไทย,วิทยาเขตหาดใหญ่,คณะวิทยาศาสตร์,1734486.664
2565,3,เงินจากแหล่งทุนภายนอก ในประเทศไทย,วิทยาเขตหาดใหญ่,คณะวิศวกรรมศาสตร์,1745083.8375000001
2565,3,เงินจากแหล่งทุนภายนอก ในประเทศไทย,วิทยาเขตหาดใหญ่,คณะอุตสาหกรรมเกษตร,962499.9972000001
2565,4,เงินจากแหล่งทุนภายนอก ต่างประเทศ,วิทยาเขตสุราษฎร์ธานี,คณะวิทยาศาสตร์และเทคโนโลยีอุตสาหกรรม,263000.0
2565,7,เงินรายได้คณะ (กองทุนวิจัย),วิทยาเขตภูเก็ต,วิทยาลัยการคอมพิวเตอร์,250000.0
2565,7,เงินรายได้คณะ (กองทุนวิจัย),วิทยาเขตหาดใหญ่,คณะทันตแพทยศาสตร์,18750.0
2565,7,เงินรายได้คณะ (กองทุนวิจัย),วิทยาเขตหาดใหญ่,คณะวิทยาศาสตร์,290152.5
2565,7,เงินรายได้คณะ (กองทุนวิจัย),วิทยาเขตหาดใหญ่,คณะวิศวกรรมศาสตร์,250000.0
2565,7,เงินรายได้คณะ (กองทุนวิจัย),วิทยาเขตหาดใหญ่,คณะเภสัชศาสตร์,256250.0
2566,4,เงินจากแหล่งทุนภายนอก ต่างประเทศ,วิทยาเขตสุราษฎร์ธานี,คณะวิทยาศาสตร์และเทคโนโลยีอุตสาหกรรม,263000.0
2566,7,เงินรายได้คณะ (กองทุนวิจัย),วิทยาเขตภูเก็ต,วิทยาลัยการคอมพิวเตอร์,41666.670000000006
2567,4,เงินจากแหล่งทุนภายนอก ต่างประเทศ,วิทยาเขตสุราษฎร์ธานี,คณะวิทยาศาสตร์และเทคโนโลยีอุตสาหกรรม,219166.65999999997
